{"AUC":0.75265, "TP":190, "TN":894, "took":206.43, "loss":0.85513, "test-metric": 381234.14623450249201}
